{
  "GMO_D2O_bkg": {
    "best": 0.016188506693520545,
    "index": 9,
    "integer": false,
    "label": "GMO_D2O_bkg",
    "mean": 0.016203290179494914,
    "median": 0.016203675440059885,
    "p68": [
      0.015773002304968725,
      0.016634978110342268
    ],
    "p68_range": [
      0.015773002304968725,
      0.016634978110342268
    ],
    "p95": [
      0.015359904331735218,
      0.01704601884249022
    ],
    "p95_range": [
      0.015359904331735218,
      0.01704601884249022
    ],
    "std": 0.00043069700901400754
  },
  "GMO_D2O_scale": {
    "best": 0.005219625830044441,
    "index": 10,
    "integer": false,
    "label": "GMO_D2O_scale",
    "mean": 0.005219604535038555,
    "median": 0.005219581540263302,
    "p68": [
      0.005202756614394808,
      0.005236462240482526
    ],
    "p68_range": [
      0.005202756614394808,
      0.005236462240482526
    ],
    "p95": [
      0.005186569371649253,
      0.005252695494381274
    ],
    "p95_range": [
      0.005186569371649253,
      0.005252695494381274
    ],
    "std": 1.6878967473552426e-05
  },
  "GMO_H2O_bkg": {
    "best": 0.009082965573553387,
    "index": 5,
    "integer": false,
    "label": "GMO_H2O_bkg",
    "mean": 0.008928458422196877,
    "median": 0.008928451484154143,
    "p68": [
      0.008476379746255204,
      0.009380000507342348
    ],
    "p68_range": [
      0.008476379746255204,
      0.009380000507342348
    ],
    "p95": [
      0.008040809086226024,
      0.009815981539589621
    ],
    "p95_range": [
      0.008040809086226024,
      0.009815981539589621
    ],
    "std": 0.00045246147185079913
  },
  "GMO_H2O_eccen": {
    "best": 0.6581526762586009,
    "index": 6,
    "integer": false,
    "label": "GMO_H2O_eccen",
    "mean": 0.6581878356131753,
    "median": 0.6578032370243303,
    "p68": [
      0.6524543937987112,
      0.663264876945854
    ],
    "p68_range": [
      0.6524543937987112,
      0.663264876945854
    ],
    "p95": [
      0.6474086227680897,
      0.6686596636822916
    ],
    "p95_range": [
      0.6474086227680897,
      0.6686596636822916
    ],
    "std": 0.01767668920086436
  },
  "GMO_H2O_scale": {
    "best": 0.006108023520874348,
    "index": 7,
    "integer": false,
    "label": "GMO_H2O_scale",
    "mean": 0.006113101271936601,
    "median": 0.006113075848236529,
    "p68": [
      0.006096911679465438,
      0.006129324943653842
    ],
    "p68_range": [
      0.006096911679465438,
      0.006129324943653842
    ],
    "p95": [
      0.006081357279217963,
      0.0061449549471056936
    ],
    "p95_range": [
      0.006081357279217963,
      0.0061449549471056936
    ],
    "std": 1.6253831924560367e-05
  },
  "GMO_H2O_volume": {
    "best": 126330.90349306985,
    "index": 8,
    "integer": false,
    "label": "GMO_H2O_volume",
    "mean": 126262.3199106522,
    "median": 126261.73027172315,
    "p68": [
      125890.90346272787,
      126632.46633463264
    ],
    "p68_range": [
      125890.90346272787,
      126632.46633463264
    ],
    "p95": [
      125534.80525545128,
      126992.60301265029
    ],
    "p95_range": [
      125534.80525545128,
      126992.60301265029
    ],
    "std": 373.32645403428364
  },
  "GMO_background": {
    "best": 0.01069115010764907,
    "index": 1,
    "integer": false,
    "label": "GMO_background",
    "mean": 0.01093269848869933,
    "median": 0.010908551060376897,
    "p68": [
      0.01016549755758124,
      0.011714560425569695
    ],
    "p68_range": [
      0.01016549755758124,
      0.011714560425569695
    ],
    "p95": [
      0.009472929996643316,
      0.012492806866690314
    ],
    "p95_range": [
      0.009472929996643316,
      0.012492806866690314
    ],
    "std": 0.0007708617367276216
  },
  "GMO_eccentricity": {
    "best": 0.48432324979170677,
    "index": 2,
    "integer": false,
    "label": "GMO_eccentricity",
    "mean": 0.703407177994746,
    "median": 0.48895418258761564,
    "p68": [
      0.4660628156869413,
      0.5494529501680144
    ],
    "p68_range": [
      0.4660628156869413,
      0.5494529501680144
    ],
    "p95": [
      0.44625864212280925,
      1.9343381303384004
    ],
    "p95_range": [
      0.44625864212280925,
      1.9343381303384004
    ],
    "std": 0.5076258014700321
  },
  "GMO_scale": {
    "best": 0.003563617667533357,
    "index": 3,
    "integer": false,
    "label": "GMO_scale",
    "mean": 0.0035276354040425333,
    "median": 0.003541073057499266,
    "p68": [
      0.003396961722808646,
      0.0036385159271993452
    ],
    "p68_range": [
      0.003396961722808646,
      0.0036385159271993452
    ],
    "p95": [
      0.0032835906777397474,
      0.0037335905399055705
    ],
    "p95_range": [
      0.0032835906777397474,
      0.0037335905399055705
    ],
    "std": 0.00011680061094019167
  },
  "GMO_volume": {
    "best": 31036.920624249815,
    "index": 4,
    "integer": false,
    "label": "GMO_volume",
    "mean": 31407.491501134777,
    "median": 31195.085780198995,
    "p68": [
      30414.63155004432,
      32623.5129518801
    ],
    "p68_range": [
      30414.63155004432,
      32623.5129518801
    ],
    "p95": [
      29696.006017507803,
      33940.54940202528
    ],
    "p95_range": [
      29696.006017507803,
      33940.54940202528
    ],
    "std": 1107.554494692135
  }
}