{"calls": [10], "time": [0.028925657272338867], "cpu_time": [0.03125], "step": [1], "point": [[0.010909999999990067]], "value": [193.99047463713418], "population_points": [[[0.01091], [0.01091000000000491], [0.010909999999990363], [0.01090999999999211], [0.010910000000002808], [0.010910000000008614], [0.01090999999999493], [0.010909999999993196], [0.010909999999990067], [0.010909999999996848]]], "population_values": [[193.9904746371444, 193.99047463714945, 193.9904746371345, 193.9904746371363, 193.9904746371473, 193.99047463715326, 193.9904746371392, 193.99047463713742, 193.99047463713418, 193.99047463714118]]}