{
  "Fe rho": {
    "best": 7.9131288825057196,
    "index": 19,
    "integer": false,
    "label": "Fe rho",
    "mean": 7.914412769975685,
    "median": 7.914020640275218,
    "p68": [
      7.882382427370051,
      7.946435330562702
    ],
    "p68_range": [
      7.882382427370051,
      7.946435330562702
    ],
    "p95": [
      7.853047316691073,
      7.977927277255997
    ],
    "p95_range": [
      7.853047316691073,
      7.977927277255997
    ],
    "std": 0.031885235045630886
  },
  "FeOx rho": {
    "best": 5.63735619473044,
    "index": 17,
    "integer": false,
    "label": "FeOx rho",
    "mean": 5.641539264613723,
    "median": 5.637174877851259,
    "p68": [
      5.561712722241814,
      5.721010391011894
    ],
    "p68_range": [
      5.561712722241814,
      5.721010391011894
    ],
    "p95": [
      5.499875428995324,
      5.809116020445966
    ],
    "p95_range": [
      5.499875428995324,
      5.809116020445966
    ],
    "std": 0.07944081302962328
  },
  "FeOx_m": {
    "best": 0.11558566628063392,
    "index": 18,
    "integer": false,
    "label": "FeOx_m",
    "mean": 0.12134862242056142,
    "median": 0.11482357649760785,
    "p68": [
      0.042102299597971383,
      0.19781977130932638
    ],
    "p68_range": [
      0.042102299597971383,
      0.19781977130932638
    ],
    "p95": [
      0.00661537351085399,
      0.28170023056809923
    ],
    "p95_range": [
      0.00661537351085399,
      0.28170023056809923
    ],
    "std": 0.07406920791280731
  },
  "FeOx_rough": {
    "best": 11.924033634620754,
    "index": 8,
    "integer": false,
    "label": "FeOx_rough",
    "mean": 11.904124910478664,
    "median": 11.921389455674188,
    "p68": [
      11.482105302560067,
      12.324930779809991
    ],
    "p68_range": [
      11.482105302560067,
      12.324930779809991
    ],
    "p95": [
      11.035065194806768,
      12.676945208719962
    ],
    "p95_range": [
      11.035065194806768,
      12.676945208719962
    ],
    "std": 0.42030881924256996
  },
  "FeOx_thick": {
    "best": 34.52941437296435,
    "index": 9,
    "integer": false,
    "label": "FeOx_thick",
    "mean": 34.51051327874183,
    "median": 34.50993281701116,
    "p68": [
      34.28536541935411,
      34.73564652054733
    ],
    "p68_range": [
      34.28536541935411,
      34.73564652054733
    ],
    "p95": [
      34.075998171585134,
      34.94786196766377
    ],
    "p95_range": [
      34.075998171585134,
      34.94786196766377
    ],
    "std": 0.2232251450498591
  },
  "Fe_magmom": {
    "best": 2.091630728249866,
    "index": 20,
    "integer": false,
    "label": "Fe_magmom",
    "mean": 2.0914064550686717,
    "median": 2.09144280057776,
    "p68": [
      2.0735591466508607,
      2.1092539875983936
    ],
    "p68_range": [
      2.0735591466508607,
      2.1092539875983936
    ],
    "p95": [
      2.056327784582957,
      2.1263954019205524
    ],
    "p95_range": [
      2.056327784582957,
      2.1263954019205524
    ],
    "std": 0.01786235204789008
  },
  "Fe_rough": {
    "best": 4.069321270326584,
    "index": 10,
    "integer": false,
    "label": "Fe_rough",
    "mean": 3.957483616014577,
    "median": 4.084097015355201,
    "p68": [
      2.9799974010761905,
      4.903145383375366
    ],
    "p68_range": [
      2.9799974010761905,
      4.903145383375366
    ],
    "p95": [
      1.7276340088862892,
      5.496502704778444
    ],
    "p95_range": [
      1.7276340088862892,
      5.496502704778444
    ],
    "std": 0.9612602794409849
  },
  "Fe_thick": {
    "best": 189.69900818422252,
    "index": 11,
    "integer": false,
    "label": "Fe_thick",
    "mean": 189.70647158234326,
    "median": 189.72727587199935,
    "p68": [
      189.30855280702124,
      190.10841036472252
    ],
    "p68_range": [
      189.30855280702124,
      190.10841036472252
    ],
    "p95": [
      188.88786476193133,
      190.39059062685993
    ],
    "p95_range": [
      188.88786476193133,
      190.39059062685993
    ],
    "std": 0.39113275554181864
  },
  "GMO_h_25 interface": {
    "best": 4.813544861652935,
    "index": 5,
    "integer": false,
    "label": "GMO_h_25 interface",
    "mean": 4.783308069581618,
    "median": 4.796275012579236,
    "p68": [
      3.577082094073552,
      6.032131197557526
    ],
    "p68_range": [
      3.577082094073552,
      6.032131197557526
    ],
    "p95": [
      2.3465354331700934,
      7.008550342474761
    ],
    "p95_range": [
      2.3465354331700934,
      7.008550342474761
    ],
    "std": 1.2016212765278347
  },
  "GMO_h_25 thickness": {
    "best": 19.39689405564126,
    "index": 7,
    "integer": false,
    "label": "GMO_h_25 thickness",
    "mean": 19.40846734914583,
    "median": 19.385059253096728,
    "p68": [
      18.414726274925453,
      20.374244896313822
    ],
    "p68_range": [
      18.414726274925453,
      20.374244896313822
    ],
    "p95": [
      17.826911900616647,
      21.2117387295429
    ],
    "p95_range": [
      17.826911900616647,
      21.2117387295429
    ],
    "std": 0.9129480769117174
  },
  "GMO_solv_25": {
    "best": 8.580824829768767,
    "index": 6,
    "integer": false,
    "label": "GMO_solv_25",
    "mean": 8.458734862977114,
    "median": 8.575932307850207,
    "p68": [
      3.38720511962447,
      13.208894590799154
    ],
    "p68_range": [
      3.38720511962447,
      13.208894590799154
    ],
    "p95": [
      0.4562314324982954,
      16.68896517778328
    ],
    "p95_range": [
      0.4562314324982954,
      16.68896517778328
    ],
    "std": 4.459234825094585
  },
  "P1_GMO_CMdod_25 Bkg": {
    "best": 9.231507365278346e-06,
    "index": 13,
    "integer": false,
    "label": "P1_GMO_CMdod_25 Bkg",
    "mean": 9.206279569882657e-06,
    "median": 9.209947937386724e-06,
    "p68": [
      8.755948544431682e-06,
      9.655297250161492e-06
    ],
    "p68_range": [
      8.755948544431682e-06,
      9.655297250161492e-06
    ],
    "p95": [
      8.31395196166284e-06,
      1.0076417510583878e-05
    ],
    "p95_range": [
      8.31395196166284e-06,
      1.0076417510583878e-05
    ],
    "std": 4.492883699450545e-07
  },
  "P1_GMO_CMdod_25 I0": {
    "best": 0.939909823247013,
    "index": 14,
    "integer": false,
    "label": "P1_GMO_CMdod_25 I0",
    "mean": 0.9398087598621391,
    "median": 0.9398289553404213,
    "p68": [
      0.9359564249015714,
      0.9436624680447456
    ],
    "p68_range": [
      0.9359564249015714,
      0.9436624680447456
    ],
    "p95": [
      0.9321872407052016,
      0.9472973525230448
    ],
    "p95_range": [
      0.9321872407052016,
      0.9472973525230448
    ],
    "std": 0.003854953122374387
  },
  "P1_GMO_ddod_25 Bkg": {
    "best": 4.847535102836334e-06,
    "index": 1,
    "integer": false,
    "label": "P1_GMO_ddod_25 Bkg",
    "mean": 4.84488349041127e-06,
    "median": 4.850123436459141e-06,
    "p68": [
      4.411946588004535e-06,
      5.277177662136919e-06
    ],
    "p68_range": [
      4.411946588004535e-06,
      5.277177662136919e-06
    ],
    "p95": [
      3.981689025624304e-06,
      5.678271627867994e-06
    ],
    "p95_range": [
      3.981689025624304e-06,
      5.678271627867994e-06
    ],
    "std": 4.3275803367082815e-07
  },
  "P1_GMO_ddod_25 I0": {
    "best": 0.9485826431934203,
    "index": 2,
    "integer": false,
    "label": "P1_GMO_ddod_25 I0",
    "mean": 0.948336888960617,
    "median": 0.9483492378072225,
    "p68": [
      0.9448050975419269,
      0.9518780236558164
    ],
    "p68_range": [
      0.9448050975419269,
      0.9518780236558164
    ],
    "p95": [
      0.9413866933290365,
      0.9552154616385884
    ],
    "p95_range": [
      0.9413866933290365,
      0.9552154616385884
    ],
    "std": 0.003531130388498858
  },
  "P1_GMO_hdod_25 Bkg": {
    "best": 6.0647005372207184e-06,
    "index": 15,
    "integer": false,
    "label": "P1_GMO_hdod_25 Bkg",
    "mean": 6.054670399008922e-06,
    "median": 6.061751473879793e-06,