{
  "Adv rho": {
    "best": -0.12837884143728603,
    "index": 5,
    "integer": false,
    "label": "Adv rho",
    "mean": 0.18517123471986438,
    "median": 0.22103496340963838,
    "p68": [
      -0.22390455338084364,
      0.5473704247932473
    ],
    "p68_range": [
      -0.22390455338084364,
      0.5473704247932473
    ],
    "p95": [
      -0.4969143117279366,
      0.7936817086910607
    ],
    "p95_range": [
      -0.4969143117279366,
      0.7936817086910607
    ],
    "std": 0.3525175854513063
  },
  "Adv_h interface": {
    "best": 3.999066734040367,
    "index": 4,
    "integer": false,
    "label": "Adv_h interface",
    "mean": 3.123429142177207,
    "median": 3.0999311418291904,
    "p68": [
      1.675633390128168,
      4.506127586878497
    ],
    "p68_range": [
      1.675633390128168,
      4.506127586878497
    ],
    "p95": [
      1.098541398945001,
      5.488937999055636
    ],
    "p95_range": [
      1.098541398945001,
      5.488937999055636
    ],
    "std": 1.2554740450982806
  },
  "Adv_h thickness": {
    "best": 13.312546001624634,
    "index": 7,
    "integer": false,
    "label": "Adv_h thickness",
    "mean": 13.729311653081641,
    "median": 13.7259081012633,
    "p68": [
      12.612565230627764,
      14.84405235777033
    ],
    "p68_range": [
      12.612565230627764,
      14.84405235777033
    ],
    "p95": [
      11.626316845686617,
      15.864580523159638
    ],
    "p95_range": [
      11.626316845686617,
      15.864580523159638
    ],
    "std": 1.0919328371101265
  },
  "Adv_solv": {
    "best": 20.15355180059432,
    "index": 6,
    "integer": false,
    "label": "Adv_solv",
    "mean": 17.240776306708977,
    "median": 18.08544400938213,
    "p68": [
      10.932923653962607,
      23.18929633938898
    ],
    "p68_range": [
      10.932923653962607,
      23.18929633938898
    ],
    "p95": [
      2.87940448647419,
      27.25250250447565
    ],
    "p95_range": [
      2.87940448647419,
      27.25250250447565
    ],
    "std": 6.1537713023304645
  },
  "Fe rho": {
    "best": 7.864311708153675,
    "index": 18,
    "integer": false,
    "label": "Fe rho",
    "mean": 7.8755741561176835,
    "median": 7.875578976533852,
    "p68": [
      7.840908811552424,
      7.910270561662208
    ],
    "p68_range": [
      7.840908811552424,
      7.910270561662208
    ],
    "p95": [
      7.807523629144525,
      7.943571444847784
    ],
    "p95_range": [
      7.807523629144525,
      7.943571444847784
    ],
    "std": 0.034664225149635484
  },
  "FeOx rho": {
    "best": 5.666663894483257,
    "index": 16,
    "integer": false,
    "label": "FeOx rho",
    "mean": 5.710520611270704,
    "median": 5.7084410460950545,
    "p68": [
      5.632841864795646,
      5.788367455452595
    ],
    "p68_range": [
      5.632841864795646,
      5.788367455452595
    ],
    "p95": [
      5.565318566761947,
      5.867319243983328
    ],
    "p95_range": [
      5.565318566761947,
      5.867319243983328
    ],
    "std": 0.07735586749155064
  },
  "FeOx_m": {
    "best": 0.0504577370051062,
    "index": 17,
    "integer": false,
    "label": "FeOx_m",
    "mean": 0.10800775061335596,
    "median": 0.09965432321365415,
    "p68": [
      0.031691400766836395,
      0.18251160583952175
    ],
    "p68_range": [
      0.031691400766836395,
      0.18251160583952175
    ],
    "p95": [
      0.004776186446272581,
      0.26509522471046254
    ],
    "p95_range": [
      0.004776186446272581,
      0.26509522471046254
    ],
    "std": 0.07130207322312666
  },
  "FeOx_rough": {
    "best": 11.64583760806818,
    "index": 8,
    "integer": false,
    "label": "FeOx_rough",
    "mean": 11.291011795050897,
    "median": 11.327616958407493,
    "p68": [
      10.758459836315064,
      11.818635376780659
    ],
    "p68_range": [
      10.758459836315064,
      11.818635376780659
    ],
    "p95": [
      10.172572108312183,
      12.209689126998672
    ],
    "p95_range": [
      10.172572108312183,
      12.209689126998672
    ],
    "std": 0.5265381801619591
  },
  "FeOx_thick": {
    "best": 33.13503257445919,
    "index": 9,
    "integer": false,
    "label": "FeOx_thick",
    "mean": 32.812081341496125,
    "median": 32.76544572663599,
    "p68": [
      32.17799803663926,
      33.49545495064311
    ],
    "p68_range": [
      32.17799803663926,
      33.49545495064311
    ],
    "p95": [
      31.705612746433378,
      34.04019381661574
    ],
    "p95_range": [
      31.705612746433378,
      34.04019381661574
    ],
    "std": 0.6217592269057178
  },
  "Fe_magmom": {
    "best": 2.120598052215239,
    "index": 19,
    "integer": false,
    "label": "Fe_magmom",
    "mean": 2.112988824701053,
    "median": 2.112783984761999,
    "p68": [
      2.0921596421800923,
      2.133888264167624
    ],
    "p68_range": [
      2.0921596421800923,
      2.133888264167624
    ],
    "p95": [
      2.0724165765096454,
      2.1544139881473727
    ],
    "p95_range": [
      2.0724165765096454,
      2.1544139881473727
    ],
    "std": 0.020889547514287298
  },
  "Fe_rough": {
    "best": 6.034461319185088,
    "index": 10,
    "integer": false,
    "label": "Fe_rough",
    "mean": 6.0488984054337624,
    "median": 6.07660414524676,
    "p68": [
      5.49171005400105,
      6.6095061082846644
    ],
    "p68_range": [
      5.49171005400105,
      6.6095061082846644
    ],
    "p95": [
      4.843029058154037,
      7.092585646990539
    ],
    "p95_range": [
      4.843029058154037,
      7.092585646990539
    ],
    "std": 0.5712719657993619
  },
  "Fe_thick": {
    "best": 190.20221853497793,
    "index": 11,
    "integer": false,
    "label": "Fe_thick",
    "mean": 189.8417631877845,
    "median": 189.8660539470065,
    "p68": [
      189.43435459062644,
      190.2479124157979
    ],
    "p68_range": [
      189.43435459062644,
      190.2479124157979
    ],
    "p95": [
      189.00306448774964,
      190.54323576490094
    ],
    "p95_range": [
      189.00306448774964,
      190.54323576490094
    ],
    "std": 0.39984815364864346
  },
  "P1_ddod Bkg": {
    "best": 5.349006241277133e-06,
    "index": 13,
    "integer": false,
    "label": "P1_ddod Bkg",
    "mean": 5.641019462471214e-06,
    "median": 5.658635806509439e-06,
    "p68": [
      4.970280561867789e-06,
      6.311743538495237e-06
    ],
    "p68_range": [
      4.970280561867789e-06,
      6.311743538495237e-06
    ],
    "p95": [
      4.2699295094273e-06,
      6.915036905842088e-06
    ],
    "p95_range": [
      4.2699295094273e-06,
      6.915036905842088e-06
    ],
    "std": 6.74138561077388e-07
  },
  "P1_ddod I0": {
    "best": 0.9496768700441048,
    "index": 14,
    "integer": false,
    "label": "P1_ddod I0",
    "mean": 0.950312098319469,
    "median": 0.9503075723090361,
    "p68": [
      0.9462687080032761,
      0.9543587215230792
    ],
    "p68_range": [
      0.9462687080032761,
      0.9543587215230792
    ],
    "p95": [
      0.9424169416289595,
      0.9582312452582622
    ],
    "p95_range": [
      0.9424169416289595,
      0.9582312452582622
    ],
    "std": 0.0040393682915292675
  },
  "P1_hdod Bkg": {
    "best": 6.8559337367573875e-06,
    "index": 1,
    "integer": false,
    "label": "P1_hdod Bkg",
    "mean": 6.819763832334362e-06,
    "median": 6.821211505650636e-06,
    "p68": [
      6.3639148707427345e-06,
      7.275525198811741e-06
    ],
    "p68_range": [
      6.3639148707427345e-06,
      7.275525198811741e-06
    ],
    "p95": [
      5.922238151959291e-06,
      7.707413244083012e-06
    ],
    "p95_range": [
      5.922238151959291e-06,
      7.707413244083012e-06
    ],
    "std": 4.557140750165557e-07
  },
  "P1_hdod I0": {
    "best": 0.9406028214340908,
    "index": 2,
    "integer": false,
    "label": "P1_hdod I0",
    "mean": 0.9406792257252282,
    "median": 0.9406753876606535,
    "p68": [
      0.9364325508137382,
      0.9449303407496655
    ],